MovieID,Title,PosterURL
m2858,Movie m2858,http://example.com/m2858.jpg
m260,Movie m260,http://example.com/m260.jpg
m1196,Movie m1196,http://example.com/m1196.jpg
m1210,Movie m1210,http://example.com/m1210.jpg
m480,Movie m480,http://example.com/m480.jpg
m2028,Movie m2028,http://example.com/m2028.jpg
m589,Movie m589,http://example.com/m589.jpg
m2571,Movie m2571,http://example.com/m2571.jpg
m1270,Movie m1270,http://example.com/m1270.jpg
m593,Movie m593,http://example.com/m593.jpg
m1580,Movie m1580,http://example.com/m1580.jpg
m1198,Movie m1198,http://example.com/m1198.jpg
m608,Movie m608,http://example.com/m608.jpg
m2762,Movie m2762,http://example.com/m2762.jpg
m110,Movie m110,http://example.com/m110.jpg
m2396,Movie m2396,http://example.com/m2396.jpg
m1197,Movie m1197,http://example.com/m1197.jpg
m527,Movie m527,http://example.com/m527.jpg
m1617,Movie m1617,http://example.com/m1617.jpg
m1265,Movie m1265,http://example.com/m1265.jpg
m1097,Movie m1097,http://example.com/m1097.jpg
m2628,Movie m2628,http://example.com/m2628.jpg
m2997,Movie m2997,http://example.com/m2997.jpg
m318,Movie m318,http://example.com/m318.jpg
m858,Movie m858,http://example.com/m858.jpg
m356,Movie m356,http://example.com/m356.jpg
m2716,Movie m2716,http://example.com/m2716.jpg
m296,Movie m296,http://example.com/m296.jpg
m1240,Movie m1240,http://example.com/m1240.jpg
m1,Movie m1,http://example.com/m1.jpg
m1214,Movie m1214,http://example.com/m1214.jpg
m2916,Movie m2916,http://example.com/m2916.jpg
m457,Movie m457,http://example.com/m457.jpg
m3578,Movie m3578,http://example.com/m3578.jpg
m1200,Movie m1200,http://example.com/m1200.jpg
m541,Movie m541,http://example.com/m541.jpg
m2987,Movie m2987,http://example.com/m2987.jpg
m1259,Movie m1259,http://example.com/m1259.jpg
m50,Movie m50,http://example.com/m50.jpg
m34,Movie m34,http://example.com/m34.jpg
m2791,Movie m2791,http://example.com/m2791.jpg
m780,Movie m780,http://example.com/m780.jpg
m3175,Movie m3175,http://example.com/m3175.jpg
m1193,Movie m1193,http://example.com/m1193.jpg
m919,Movie m919,http://example.com/m919.jpg
m924,Movie m924,http://example.com/m924.jpg
m1127,Movie m1127,http://example.com/m1127.jpg
m2355,Movie m2355,http://example.com/m2355.jpg
m1387,Movie m1387,http://example.com/m1387.jpg
m1221,Movie m1221,http://example.com/m1221.jpg
m912,Movie m912,http://example.com/m912.jpg
m1036,Movie m1036,http://example.com/m1036.jpg
m1213,Movie m1213,http://example.com/m1213.jpg
m1610,Movie m1610,http://example.com/m1610.jpg
m377,Movie m377,http://example.com/m377.jpg
m1291,Movie m1291,http://example.com/m1291.jpg
m2000,Movie m2000,http://example.com/m2000.jpg
m1136,Movie m1136,http://example.com/m1136.jpg
m3114,Movie m3114,http://example.com/m3114.jpg
m1307,Movie m1307,http://example.com/m1307.jpg
m1704,Movie m1704,http://example.com/m1704.jpg
m1721,Movie m1721,http://example.com/m1721.jpg
m1968,Movie m1968,http://example.com/m1968.jpg
m648,Movie m648,http://example.com/m648.jpg
m2599,Movie m2599,http://example.com/m2599.jpg
m3793,Movie m3793,http://example.com/m3793.jpg
m32,Movie m32,http://example.com/m32.jpg
m2174,Movie m2174,http://example.com/m2174.jpg
m2797,Movie m2797,http://example.com/m2797.jpg
m2918,Movie m2918,http://example.com/m2918.jpg
m2291,Movie m2291,http://example.com/m2291.jpg
m3471,Movie m3471,http://example.com/m3471.jpg
m2959,Movie m2959,http://example.com/m2959.jpg
m590,Movie m590,http://example.com/m590.jpg
m1374,Movie m1374,http://example.com/m1374.jpg
m2683,Movie m2683,http://example.com/m2683.jpg
m1394,Movie m1394,http://example.com/m1394.jpg
m592,Movie m592,http://example.com/m592.jpg
m1784,Movie m1784,http://example.com/m1784.jpg
m1573,Movie m1573,http://example.com/m1573.jpg
m1304,Movie m1304,http://example.com/m1304.jpg
m3418,Movie m3418,http://example.com/m3418.jpg
m223,Movie m223,http://example.com/m223.jpg
m380,Movie m380,http://example.com/m380.jpg
m2706,Movie m2706,http://example.com/m2706.jpg
m1225,Movie m1225,http://example.com/m1225.jpg
m1584,Movie m1584,http://example.com/m1584.jpg
m1527,Movie m1527,http://example.com/m1527.jpg
m3481,Movie m3481,http://example.com/m3481.jpg
m1923,Movie m1923,http://example.com/m1923.jpg
m750,Movie m750,http://example.com/m750.jpg
m2699,Movie m2699,http://example.com/m2699.jpg
m39,Movie m39,http://example.com/m39.jpg
m21,Movie m21,http://example.com/m21.jpg
m1393,Movie m1393,http://example.com/m1393.jpg
m2804,Movie m2804,http://example.com/m2804.jpg
m588,Movie m588,http://example.com/m588.jpg
m2406,Movie m2406,http://example.com/m2406.jpg
m1220,Movie m1220,http://example.com/m1220.jpg
m733,Movie m733,http://example.com/m733.jpg
